Tytuł,CUSA,Wersja,Uwagi
2Dark,CUSA04802,Napisy PL,
911 Operator,CUSA09875, Napisy PL,
A Boy and His Blob,CUSA02661,Napisy PL,
A Way Out,CUSA08004,Napisy PL,
Absolver,CUSA06282,Napisy PL,
Abyss: The Wraiths of Eden,CUSA09780,Napisy PL,
Ace Combat 7 Skies Unknown,CUSA07202,Napisy PL,
Adam's Venture: Origins,CUSA03772,Napisy PL,
AER - Memories of Old,CUSA03176,Napisy PL,
AereA,CUSA08005,Napisy PL,
Age of Wonders: Planetfall,CUSA13583,Napisy PL,
Agents of Mayhem,CUSA03067,Napisy PL,
Air Missions,CUSA10832,Napisy PL,
Alan Wake Remastered,CUSA24653,Napisy PL,
Albedo: Eyes From Outer Space,CUSA02588,Napisy PL,
Alien: Isolation,CUSA00362,Napisy PL,
Aliennation,CUSA00062,Napisy PL,
Alteric,CUSA09952,Napisy PL,
Among the Sleep,CUSA03519,Napisy PL,
Among the Sleep,CUSA05260,Napisy PL,
Anomaly 2,CUSA00137,Napisy PL,
Aqua Moto Racing Utopia,CUSA02144,Napisy PL,
ArcaniA - The Complete Tale,CUSA01644,FULL PL,
ArcaniA - The Complete Tale,CUSA01702,Napisy PL,
Armello,CUSA03287,Napisy PL,
Armikrog,CUSA04559,Napisy PL,
Ash of Gods Redemption,CUSA16018,Napisy PL,
Assassin's Creed 3 Remastered,CUSA11560,Napisy PL,
Assassin's Creed Chronicles: India,CUSA01355,Napisy PL,
Assassin's Creed Chronicles: Russia,CUSA01356,Napisy PL,
Assassin's Creed Freedom Cry,CUSA00435,Napisy PL,
Assassin's Creed IV Black Flag - Standard Edition,CUSA00009,Napisy PL,
Assassin's Creed Oddyssey,CUSA09303,Napisy PL,
Assassin's Creed Origins,CUSA05625,Napisy PL,
Assassin's Creed Rogue Remastered,CUSA10123,Napisy PL,
Assassin's Creed Syndicate,CUSA02376,Napisy PL,
Assassin's Creed The Ezio Collection,CUSA04893,Napisy PL,
Assassin's Creed Unity,CUSA00605,Napisy PL,
Assassin's Creed Valhalla,CUSA18534,Napisy PL,
Assetto Corsa,CUSA01797,Napisy PL,
Attractio,CUSA04248,Napisy PL,
Balan Wonderworld,CUSA24814,Napisy PL,
Banner Saga 2,CUSA04452,Napisy PL,
Basement Crawl,CUSA00048,Napisy PL,
Batman Arkham City + Batman Arkham Asylum,CUSA04607,Napisy PL,
Batman: Arkham Knight,CUSA00135,Napisy PL,
Batman: Arkham VR,CUSA05340,Napisy PL,
Battle Chasers: Nightwar,CUSA06673,Napisy PL,
Battle Worlds: Kronos,CUSA04458,Napisy PL,
Battlefield 1 Revolution,CUSA02387,FULL PL,
Battlefield 2042,CUSA23250,FULL PL,
Battlefield 4,CUSA00049,FULL PL,
Battlefield Hardline Standard Edition,CUSA00633,FULL PL,
Battlefield V,CUSA08670,Napisy PL,
Beyond Eyes,CUSA02690,Napisy PL,
Beyond Two Souls & Heavy Rain,CUSA00513,FULL PL,
Biomutant,CUSA09848,FULL PL,
Black Mirror,CUSA08365,Napisy PL,
Blackguards 2,CUSA07275,Napisy PL,
Blackhole: Complete Edition,CUSA06921,Napisy PL,
Blizzard Arcade Collection,CUSA26445,Napisy PL,
Bloodborne,CUSA06921,Napisy PL,
Bloodborne: Game of the Year Edition,CUSA03173,Napisy PL,
Bounce Rescue!,CUSA03563,Napisy PL,
Bound Demo,CUSA07135,Napisy PL,
Bound,CUSA04380,Napisy PL,
Brawl,CUSA02317,Napisy PL,
Broken Sword 5 - the Serpent's Curse,CUSA02500,Napisy PL,
Brutl,CUSA05394,Napisy PL,
Bulletstorm: Full Clip Edition,CUSA07188,Napisy PL,
Burnout Paradise Remastered,CUSA10851,FULL PL,
Call of Duty Advanced Warfare,CUSA00852,Napisy PL,
Call of Duty Black Ops III,CUSA02627,Napisy PL,
Call of Duty Ghosts,CUSA00028,Napisy PL,
Call of Duty Infinity Warfare,CUSA06452,FULL PL,
Call of Duty Modern Warfare Remastered,CUSA05379,Napisy PL,
Call of Duty Modern Warfare,CUSA15281,FULL PL,
Call of Duty Vanguard,CUSA29029,FULL PL,
Call of Duty WWII,CUSA08634,FULL PL,
Chaos on Deponia,CUSA08542,Napisy PL,
Chronicles of Teddy: Harmony of Exidus,CUSA03328,Napisy PL,
Cities: Skylines - PlayStation4 Edition,CUSA06407,Napisy PL,
Clockwork Tales: Of Glass and Ink,CUSA06757,Napisy PL,
Close to the Sun,CUSA15487,Napisy PL,
Conan Exiles,CUSA10486,Napisy PL,
Concrete Genie,CUSA11875,FULL PL,
Control,CUSA11454,Napisy PL,
Crysis Remastered 2,CUSA18672,FULL PL,
Crysis Remastered 3,CUSA18673,FULL PL,
Crysis Remastered,CUSA18671,FULL PL,
Cyberpunk 2077,CUSA16579,FULL PL,
Dark Arcana: The Carnival,CUSA08710,Napisy PL,
Dark Souls II: Scholar of the First Sin,CUSA01589,Napisy PL,
Dark Souls III GOTY,CUSA07439,Napisy PL,
Dark Souls III,CUSA03365,Napisy PL,
Darkest Dungeon,CUSA05967,Napisy PL,
Darkest Dungeon,CUSA10525,Napisy PL,
Darksiders 3,CUSA08798,FULL PL,
Darksiders II Deathinitive Edition,CUSA02419,Napisy PL,
Darksiders Warmastered Edition,CUSA05275,Napisy PL,
Days Gone,CUSA09176,FULL PL,
DayZ,CUSA05645,Napisy PL,
Dead Island Definitive Edition,CUSA03291,Napisy PL,
Dead Island Retro Revenge,CUSA01647,Napisy PL,
Dead Island: Riptide Definitive Edition,CUSA03290,Napisy PL,
Dead Nation: Apocalypse Edition,CUSA00176,Napisy PL,
Dead Rising 4: Frank's Big Package,CUSA08558,Napisy PL,
Death Stranding,CUSA12605,Napisy PL,
Deponia,CUSA03770,Napisy PL,
Destiny 2 - Standard Edition,CUSA06172,Napisy PL,
Destiny 2: Forsaken,CUSA06172,FULL PL,
Detroit Become Human,CUSA08308,FULL PL,
Deus Ex: Mankind Divided,CUSA01836,Napisy PL,
Devil May Cry 5,CUSA08161,Napisy PL,
Devil May Cry Definitive Edition,CUSA01022,Napisy PL,
Dex Demo,CUSA07067,Napisy PL,
Dex,CUSA04283,Napisy PL,
Diablo II: Resurrected,CUSA28305,FULL PL,
Diablo III Eternal Collection,CUSA00433,Napisy PL,
Diablo III Reaper of Souls Ultimate Evil Edition,CUSA00434,FULL PL,
DiRT 4,CUSA07062,FULL PL,
Dirt Rally 2.0,CUSA12747,FULL PL,
Dishonored Definitive Edition,CUSA02230,Napisy PL,
Dishonored,CUSA03604,FULL PL,
Dishonored: Death Of The Outsider,CUSA08781,FULL PL,
Disney Pixar Cars 3 Driven to Win,CUSA07027,Napisy PL,
Divinity Original Sin - Enhanced Edition,CUSA02762,Napisy PL,
Doom Eternal,CUSA13275,FULL PL,
Doom,CUSA02092,FULL PL,
Dragon Age: Inquisition,CUSA00503,Napisy PL,
Dragon Ball Z: Kakarot,CUSA14835,Napisy PL,
DriveCclub,CUSA00008,Napisy PL,
DriveClub VR,CUSA03296,Napisy PL,
DriveClub,CUSA00003,Napisy PL,
Dungeons 2,CUSA04055,Napisy PL,
Dying Light,CUSA00050,Napisy PL,
Dying Light,CUSA02010,FULL PL,
Dying Light: The Following - Enhanced Edition,CUSA03991,FULL PL,
Dying Light 2: Stay Human,CUSA12555,Napisy PL,
EA SPORTS UFC 3,CUSA06534,Napisy PL,
EA SPORTS UFC 4,CUSA14209,Napisy PL,
EARTHLOCK: Festival of Magic,CUSA06590,Napisy PL,
Elex,CUSA04462,FULL PL,
Energy Hook,CUSA04832,Napisy PL,
Enigmatis 2: The Mists of Ravenwood,CUSA08207,Napisy PL,
Enigmatis: The Ghosts of Maple Creek,CUSA07496,Napisy PL,
Enter the Gungeon,CUSA01659,Napisy PL,
Entwined,CUSA00672,Napisy PL,
Escape Plan,CUSA00153,Napisy PL,
Euro Fishing,CUSA06447,Napisy PL,
Eurosport Player,CUSA10874,Napisy PL,
Eventide 2: Sorcerer's Mirror,CUSA09423,Napisy PL,
Eventide: Slavic Fable,CUSA08208,Napisy PL,
Everybody's Golf,CUSA02171,Napisy PL,
Everybody's Gone to the Rapture,CUSA01511,FULL PL,
F1 2016,CUSA04509,Napisy PL,
F1 2017,CUSA07557,Napisy PL,
F1 2018,CUSA10871,Napisy PL,
F1 2019,CUSA14392,Napisy PL,
F1 2020,CUSA16283,Napisy PL,
F1 2021,CUSA26238,Napisy PL,
Fade to Silence,CUSA11485,Napisy PL,
Fallout 4,CUSA03450,Napisy PL,
Fantastic Contraption,CUSA07368,Napisy PL,
Far Cry 3,CUSA10326,Napisy PL,
Far Cry 4,CUSA00462,Napisy PL,
Far Cry 5,CUSA05847,Napisy PL,
Far Cry 6,CUSA15778,Napisy PL,
Far Cry New Dawn,CUSA13885,Napisy PL,
Far Cry Primal,CUSA03309,Napisy PL,
Farming Simulator 15,CUSA01565,Napisy PL,
Farming Simulator 17,CUSA04549,Napisy PL,
Farming Simulator 17,CUSA10001,Napisy PL,
Farpoint,CUSA04508,Napisy PL,
Fast & Furious Spy Racers Narodziny Shiftera,CUSA25494,FULL PL,
Fat Princess Adventures,CUSA00836,Napisy PL,
Feist,CUSA05995,Napisy PL,
FIFA 15,CUSA00722,FULL PL,
FIFA 16,CUSA02126,FULL PL,
FIFA 17,CUSA03214,FULL PL,
FIFA 18,CUSA07994,FULL PL,
FIFA 20,CUSA15546,FULL PL,
FIFA 21,CUSA19623,FULL PL,
FIFA 22,CUSA27107,FULL PL,
Filthy Lucre,CUSA04507,Napisy PL,
Firefighters - The Simulation,CUSA06663,Napisy PL,
Fishing Planet,CUSA09106,Napisy PL,
FlatOut 4: Total Insanity,CUSA07458,Napisy PL,
Flockers,CUSA00854,Napisy PL,
For Honor,CUSA05264,Napisy PL,Wymaga PSN!
FORCED: Slightly Better Edition,CUSA02062,Napisy PL,
Forestry 2017 - The Simulation,CUSA04691,Napisy PL,
Forma.8,CUSA00471,Napisy PL,
Frantics,CUSA09638,FULL PL,
Frostpunk,CUSA15690,Napisy PL,
Fruit Ninja VR,CUSA06882,Napisy PL,
Gauntlet: Slayer Edition,CUSA00690,Napisy PL,
Get Even,CUSA03415,Napisy PL,
Ghost of Tsushima Director's Cut,CUSA13323,Napisy PL,
Ghostrunner,CUSA24169,Napisy PL,
Giana Sisters: Twisted Dreams Director's Cut,CUSA01452,Napisy PL,
Giana Sisters: Twisted Dreams Director's Cut,CUSA01999,Napisy PL,
GNOG,CUSA06298,Napisy PL,
Goat Simulator,CUSA02779,Napisy PL,
God of War III Remastered,CUSA01715,FULL PL,
God of War,CUSA07410,Napisy PL,
God of War,CUSA07412,FULL PL,
Gran Turismo Sport,CUSA02168,Napisy PL,
Grand Theft Auto III,CUSA26613,Napisy PL,
Grand Theft Auto San Andreas,CUSA26619,Napisy PL,
Grand Theft Auto V,CUSA00411,Napisy PL,
Grand Theft Auto Vice City,CUSA26616,Napisy PL,
Gravity Rush 2 Demo,CUSA06760,Napisy PL,
Gravity Rush 2,CUSA04943,Napisy PL,
Gravity Rush Remastered,CUSA01113,Napisy PL,
Greedfall,CUSA14211,Napisy PL,
Grim Legends 2: Song of the Dark Swan,CUSA09168,Napisy PL,
Grim Legends: The Forsaken Bride,CUSA07565,Napisy PL,
Guns Gore and Cannoli,CUSA03051,Napisy PL,
Gwent: The Witcher Card Game Public Beta,CUSA08234,Napisy PL,
Hades,CUSA27387,Napisy PL,
Hard Reset Redux,CUSA04050,Napisy PL,
Hardware: Rivals,CUSA00971,Napisy PL,
Heavy Rain,CUSA02357,FULL PL,
Hellblade: Senua’s Sacrifice,CUSA07511,Napisy PL,
Hellblade: Senua’s Sacrifice,CUSA07527,Napisy PL,
Helldivers,CUSA00231,Napisy PL,
Helldivers: Super-Earth Ultimate Edition,CUSA02974,Napisy PL,
Here They Lie,CUSA05344,Napisy PL,
Hidden Agenda (Ukryty Plan),CUSA06778,FULL PL,
Hitman 2 Gold Edition,CUSA12401,FULL PL,
Hitman GOTY Edition,CUSA02976,Napisy PL,
Hitman,CUSA02369,Napisy PL,
Hitman,CUSA06508,Napisy PL,
Hob,CUSA08319,Napisy PL,
Hohokum,CUSA00143,Napisy PL,
Homefront: The Revolution,CUSA00938,Napisy PL,
Horizon Zero Dawn Complete Edition,CUSA10213,FULL PL,
Horizon Zero Dawn,CUSA07320,FULL PL,
Hot Wheels Unleashed,CUSA25503,Napisy PL,
Hunting Simulator,CUSA07164,Napisy PL,
Hustle Kings VR,CUSA05634,Napisy PL,
Hustle Kings,CUSA00245,Napisy PL,
Immortals Fenyx Rising,CUSA16345,Napisy PL,
inFAMOUS First Light,CUSA00897,FULL PL,
inFAMOUS Second Son,CUSA00004,FULL PL,
Injustice 2 - Standard Edition,CUSA05459,Napisy PL,
Injustice 2: Legendary Edition,CUSA10688,Napisy PL,
Injustice: Gods Among Us Ultimate Edition,CUSA00051,Napisy PL,
Inside,CUSA02754,Napisy PL,
iO,CUSA04542,Napisy PL,
It Takes Two,CUSA16746,Napisy PL,
Joshua Bell VR Experience,CUSA07414,Napisy PL,
Journey Collectors Edition,CUSA02172,Napisy PL,
Journey,CUSA00470,Napisy PL,
Just Cause 3,CUSA02748,Napisy PL,
Kholat,CUSA04252,FULL PL,
Kholat,CUSA05178,Napisy PL,
Killing Floor 2,CUSA05179,Napisy PL,
Killzone Shadow Fall Intercept Online Co-op Mode (Standalone),CUSA00867,Napisy PL,
Killzone Shadow Fall,CUSA00002,FULL PL,
Kingdom Come Deliverance,CUSA07180,Napisy PL,
Kingdom Come Deliverance,CUSA09682,Napisy PL,
Kitchen (demo),CUSA06799,Napisy PL,
Knack 2,CUSA07670,FULL PL,
Knack,CUSA00006,FULL PL,
Knock-Knock,CUSA02911,Napisy PL,
Knowledge is Power (Wiedza to Potęga),CUSA09557,FULL PL,
Knowledge is Power: Decades (Wiedza to Potęga: Dekady),CUSA12356,FULL PL,
LA Cops,CUSA01901,Napisy PL,
Layers of Fear,CUSA04497,Napisy PL,
LEGO Batman 3: Beyond Gotham,CUSA00579,Napisy PL,
LEGO City Undercover,CUSA06511,Napisy PL,
LEGO Harry Potter Collection,CUSA05935,Napisy Pl,
LEGO Jurassic World,CUSA01519,Napisy PL,
LEGO Marvel's Avengers,CUSA02122,Napisy PL,
LEGO Marvel's Super Heroes 2,CUSA08476,FULL PL,
LEGO Marvel's Super Heroes,CUSA00538,Napisy PL,
LEGO Ninjago Movie Video Game,CUSA07744,Napisy PL,
LEGO Star Wars: The Force Awakens,CUSA03397,FULL PL,
LEGO The Hobbit,CUSA00355,Napisy PL,
LEGO The Incredibles,CUSA09897,FULL PL,
LEGO Worlds,CUSA06262,Napisy PL,
Leisure Suit Larry - Wet Dreams Don't Dry Happy Ending Edition,CUSA14458,Napisy PL,
Let Them Come,CUSA07585,Napisy PL,
Life Goes On: Done to Death,CUSA04833,Napisy PL,
Lightfield,CUSA07628,Napisy PL,
Limbo,CUSA01369,Napisy PL,
Little Nightmares,CUSA05952,Napisy PL,
LittleBigPlanet 3,CUSA00063,FULL PL,
Lords of the Fallen,CUSA00377,Napisy PL,
Lost Grimoires: Stolen Kingdom,CUSA08709,Napisy PL,
Lost Orbit,CUSA02528,Napisy PL,
Machinarium,CUSA02602,Napisy PL,
Mad Max,CUSA00054,Napisy PL,
Mafia III Demo,CUSA07470,Napisy PL,
Mafia III,CUSA03617,Napisy PL,
Mages of Mystrialia,CUSA08093,Napisy PL,
Magicka 2,CUSA01400,Napisy PL,
Marvel vs. Capcom: Infinite - Standard Edition,CUSA06380,Napisy PL,
Marvel's Guardians of the Galaxy,CUSA24103,FULL PL,
Marvel's Spider Man Miles Morales,CUSA20177,FULL PL,
Marvel's Spider-Man,CUSA11995,FULL PL,
Mass Effect Legendary Edition,CUSA19515,FULL PL,
Mass Effect: Andromeda,CUSA02491,Napisy PL,
Matterfall,CUSA02475,Napisy PL,
MediEvil,CUSA12982,FULL PL,
Mekazoo,CUSA05341,Napisy PL,
Metro 2033 Redux,CUSA00591,Napisy PL,
Metro Redux,CUSA00593,Napisy PL,
Metro Simulator,CUSA27909,Napisy PL,
Metro: Exodus Gold Edition,CUSA11408,Napisy PL,
Metro: Last Light Redux,CUSA00592,Napisy PL,
Metro: Redux,CUSA00683,Napisy PL,
Middle-earth: Shadow of Mordor Legion Edition,CUSA00053,Napisy PL,
Middle-earth: Shadow of Mordor-Game of the Year Edition,CUSA02152,Napisy PL,
Middle-earth: Shadow of War,CUSA04402,Napisy PL,
Middle-Earth: Shadow War - Definitive Edition,CUSA04402,Napisy PL,
Miko Mole,CUSA04538,Napisy PL,
MilitAnt Demo,CUSA06274,Napisy PL,
MilitAnt,CUSA04279,Napisy PL,
Minecraft Dungeons Ultimate Edition,CUSA18797,Napisy PL,
Minecraft: PlayStation4 Edition,CUSA00265,Napisy PL,
Minutes,CUSA00742,Napisy PL,
Mirror's Edge Catalyst,CUSA01499,Napisy PL,
Monopoly Madness,CUSA26330,Napisy PL,
Monster Hunter World,CUSA07708,Napisy PL,PL od wersji 1.40
MOP: Operation Cleanup,CUSA04539,Napisy PL,
Mordheim: City of the Damned,CUSA02867,Napisy PL,
Mortal Kombat 11,CUSA11379,Napisy PL,
Mortal Kombat X,CUSA00970,Napisy PL,
Mortal Kombat XL,CUSA03679,Napisy PL,
Mother Russia Bleeds,CUSA05649,Napisy PL,
Mothergunship,CUSA10579,Napisy PL,
Moto Racer 4  (demo),CUSA07523,Napisy PL,
Moto Racer 4,CUSA05029,Napisy PL,
Murdered: Soul Suspect,CUSA00342,Napisy PL,
Mutant Year Zero: Road to Eden Deluxe Edition,CUSA12667,Napisy PL,
My Night Job,CUSA04560,Napisy PL,
N.E.R.O.: Nothing Ever Remains Obscure,CUSA03771,Napisy PL,
Naruto Shippuden: Ultimate Ninja Storm 4 Road to Boruto,CUSA06210,Napisy PL,
Naruto Shippuden: Ultimate Ninja Storm 4,CUSA02854,Napisy PL,
Necromunda Hired Gun,CUSA25453,Napisy PL,
Necropolis: A Diabolical Dungeon Delve,CUSA05243,Napisy PL,
Need for Speed Heat,CUSA15090,FULL PL,
Need for Speed Payback,CUSA05986,FULL PL,
Need for Speed,CUSA01866,Napisy PL,Wymaga PSN!
Never Alone,CUSA01305,Napisy PL,
Nex Machina,CUSA05595,Napisy PL,
Nex Machina: Death Machine,CUSA05588,Napisy PL,
Nightmares from the Deep 2: The Siren's Call,CUSA07699,Napisy PL,
Nightmares from the Deep: The Cursed Heart,CUSA04546,Napisy PL,
Nioh – Complete Edition,CUSA09995,Napisy PL,Odwrócone przyciski X <-> O
Nioh – Complete Edition,CUSA10126,Napisy PL,
Nioh 2,CUSA15526,Napisy PL,
Nioh,CUSA07123,Napisy PL,
No Man's Sky Beyond,CUSA03952,FULL PL,
Obduction,CUSA09095,Napisy PL,
Observer System Redux,CUSA27090,Napisy PL,
Observer,CUSA07558,Napisy PL,
Oddworld: New 'n' Tasty,CUSA00326,Napisy PL,
Oddworld: Soulstorm,CUSA08126,Napisy PL,
One Piece Burning Blood,CUSA03584,Napisy PL,
Onrush,CUSA09559,Napisy PL,
Outlast 2,CUSA06633,Napisy PL,
Outlast Whistleblower,CUSA07742,Napisy PL,
Outlast,CUSA00409,Napisy PL,
Outward,CUSA10853,Napisy PL,PL od wersji 1.07
Overwatch,CUSA03975,FULL PL,
Panzer Dragoon Remake,CUSA20051,Napisy PL,
Paperbound,CUSA02072,Napisy PL,
Perfect,CUSA06951,Napisy PL,
Phantom Doctrine,CUSA11649,Napisy PL,
Pillars of Eternity 2 Deadfire Ultimate Edition,CUSA13480,Napisy PL,
Pillars of Eternity: Complete Edition,CUSA06880,Napisy PL,
Planet of the Apes: Last Frontie,CUSA08951,Napisy PL,
PlayStationVR Demo Collection 2,CUSA09159,Napisy PL,
PlayStationVR Worlds,CUSA01690,Napisy PL,
Predator: Hunting Grounds,CUSA16559,Napisy PL,
Prey,CUSA06559,FULL PL,
Professional Farmer 2017,CUSA04690,Napisy PL,
Professional Farmer: American Dream,CUSA09298,Napisy PL,
Project CARS 2,CUSA04093,Napisy PL,
Project Cars,CUSA00940,Napisy PL,
Project Warlock,CUSA19374,Napisy PL,
Pure Farming 2018,CUSA09177,Napisy PL,
PvZ GW2 - Frosty Standard Edition,CUSA01934,Napisy PL,
Rabbids Invasion Gold Edition,CUSA01179,Napisy PL,
Rage 2,CUSA10300,FULL PL,
Ratchet & Clank,CUSA01073,FULL PL,
Rayman Legends,CUSA00031,FULL PL,
Read Dead Redemption 2,CUSA11070,Napisy PL,
Red Dead Redemption 2,CUSA08519,Napisy PL,
Remnant: From the Ashes,CUSA13830,Napisy PL,
Resident Evil 2,CUSA09171,Napisy PL,
Resident Evil 3,CUSA14168,Napisy PL,
Resident Evil 6,CUSA03840,Napisy PL,
Resident Evil 6,CUSA03856,Napisy PL,
Resident Evil 7 Biohazard Gold Edition,CUSA09473,Napisy PL,
Resident Evil 7 Teaser Demo: Beginning Hour,CUSA04767,Napisy PL,
Resident Evil 7,CUSA03842,Napisy PL,
Resident Evil Revelations 2,CUSA00804,Napisy PL,
Resident Evil Revelations 2,CUSA01133,Napisy PL,
Resident Evil Revelations 2,CUSA01141,Napisy PL,
Resident Evil Revelations,CUSA06212,Napisy PL,
Resident Evil Revelations,CUSA06314, Napisy PL,
Resogun Original Soundtrack,CUSA02563,Napisy PL,
Resogun,CUSA00005,Napisy PL,
Reus,CUSA04667,Napisy PL,
Reus,CUSA04732,Napisy PL,
Revolve,CUSA08460,Napisy PL,
Ride,CUSA01558,Napisy PL,
RIGS Mechanized Combat League,CUSA00257,Napisy PL,
RiME,CUSA06360,Napisy PL,
Rise of the Tomb Raider: 20 Year Celebration,CUSA05716,FULL PL,
Risen 3: Titan Lords - Enhanced Edition,CUSA02017,Napisy PL,
Rocket League,CUSA01433,Napisy PL,
Sackboy: A Big Adventure,CUSA18887,FULL PL,
Saints Row IV: Re-Elected,CUSA01106,Napisy PL,
Saints Row IV: Re-Elected,CUSA01298,Napisy PL,
Saints Row: Gat out of Hell,CUSA00939,Napisy PL,
Saints Row: The Third Remastered,CUSA14350,Napisy PL,
Sébastien Loeb Rally EVO,CUSA02021,Napisy PL,
Sekiro Shadows Die Twice,CUSA13801,Napisy PL,
Semispheres,CUSA07619,Napisy PL,
Serial Cleaner,CUSA08112,Napisy PL,
Seven Enchanced Edition,CUSA15019,Napisy PL,
Shadow of the Beast,CUSA00951,Napisy PL,
Shadow of the Beast,CUSA03762,Napisy PL,
Shadow of the Colosus,CUSA08809,Napisy PL,
Shadow of the Tomb Raider Definitive Edition,CUSA10872,FULL PL,
Shadow Tactics: Blades of the Shogun,CUSA07792,Napisy PL,
Shadow Warrior 2,CUSA05648,Napisy PL,
Shadow Warrior,CUSA00627,Napisy PL,
Sherlock Holmes: The Devil's Daughter,CUSA03773,Napisy PL,
SingStar Celebration,CUSA08824,Napisy PL,
SingStar Frozen,CUSA01215,Napisy PL,
SingStar Impreza,CUSA00671,FULL PL,
SingStar Kraina Lodu,CUSA01383,FULL PL,
SingStar,CUSA00033,Napisy PL,
Sky Force Anniversary,CUSA04411,Napisy PL,
Sky Force Reloaded,CUSA09421,Napisy PL,
Sleeping Dogs Definitive Edition,CUSA01004,Napisy PL,
Smerfy Misja Złoliść,CUSA26670,FULL PL,
Sniper Elite 2 Remastered,CUSA12351,Napisy PL,
Sniper Elite 3 Ultimate Edition,CUSA01796,Napisy PL,
Sniper Elite 3,CUSA00286,Napisy PL,
Sniper Elite 4,CUSA04099,Napisy PL,
Sniper Ghost Warrior 3 Season Pass Edition,CUSA04854,FULL PL,
Snow Moto Racing Freedom,CUSA05713,Napisy PL,
Soft Body,CUSA04664,Napisy PL,
Sonic Colours,CUSA19351,Napisy PL,
Sonic Forces Digital Bonus Edition,CUSA05674,Napisy PL,
Sound Shapes,CUSA00040,Napisy PL,
South Park: The Fractured but Whole,CUSA04323,Napisy PL,
South Park: The Stick of Truth,CUSA04695,Napisy PL,
Spider: Rite of the Shrouded Moon,CUSA02473,Napisy PL,
Spintires: MudRunner,CUSA09958,Napisy PL,
Spyro Reignited Trilogy,CUSA12085,FULL PL,
Star Wars Battlefront II,CUSA05749,FULL PL,
Star Wars Battlefront Ultimate Edition,CUSA00634,Napisy PL,
Star Wars Jedi Fallen Order,CUSA12529,FULL PL,
Star Wars Jedi Fallen Order,CUSA12539,Napisy PL,
StarBlood Arena,CUSA07705,Napisy PL,
Steep,CUSA05526,Napisy PL,
Stifled,CUSA10250,Napisy PL,
Strange Brigade,CUSA07905,Napisy PL,
Street Fighter V,CUSA01222,Napisy PL,
Styx: Shards of Darkness (demo),CUSA08862,Napisy PL,
Styx: Shards of Darkness,CUSA03877,Napisy PL,
Sudden Strike 4,CUSA06994,Napisy PL,
Super Dungeon Bros,CUSA02154,Napisy PL,
Super Meat Boy,CUSA03454,Napisy PL,
Super Rude Bear Resurrection,CUSA02896,Napisy PL,
Super Stardust Ultra VR,CUSA05951,Napisy PL,
Super Stardust Ultra,CUSA00952,Napisy PL,
Superhot,CUSA08144,Napisy PL,
Surgeon Simulator: Anniversary Edition,CUSA00861,Napisy PL,
Surgeon Simulator: Experience Reality,CUSA06041,Napisy PL,
Syberia 3,CUSA05545,FULL PL,
Symmetry,CUSA09636,Napisy PL,
Talisman: Digital Edition,CUSA05920,Napisy PL,
Tearaway Unfolded,CUSA00562,FULL PL,
Teslagrad,CUSA01434,Napisy PL,
That’s You! (To jeste? Ty!),CUSA02009,FULL PL,
The Bard's Tale: Remastered and Resnarkled,CUSA06578,Napisy PL,
The Crew 2,CUSA08609,Napisy PL,
The Crew,CUSA00161,Napisy PL,
The Dwarves,CUSA06065,Napisy PL,
The Elder Scrolls V: Skyrim Special Edition,CUSA05486,FULL PL,
The Elder Scrolls V: Skyrim VR,CUSA08933,Napisy PL,
The Escapists,CUSA01857,Napisy PL,
The Evil Within 2,CUSA08975,Napisy PL,
The Flame in the Flood: Complete Edition,CUSA07173,Napisy PL,
The Incredible Adventures of Van Helsing: Extended Edition,CUSA03934,Napisy PL,
The Last Guardian VR (demo),CUSA10384,Napisy PL,
The Last Guardian,CUSA03745,Napisy PL,
The Last of Us Part 2,CUSA10249,FULL PL,
The Last of Us Remastered,CUSA00557,FULL PL,
The Last of Us: Left Behind (Standalone),CUSA00558,Napisy PL,
The LEGO Movie Videogame,CUSA00052,Napisy PL,
The LEGO Movie Videogame,CUSA00563,Napisy PL,
The LEGO Ninjago Movie Video Game,CUSA07744,FULL PL,
The Lost Bear,CUSA04537,Napisy PL,
The Order: 1886,CUSA00076,FULL PL,
The Order: 1886,CUSA00785,FULL PL,
The Persistence,CUSA07814,Napisy PL,
The Sims 4,CUSA09216,Napisy PL,
The Surge 2,CUSA12567,Napisy PL,
The Surge,CUSA04849,Napisy PL,
The Technomancer,CUSA03824,Napisy PL,
The Unfinished Swan,CUSA00796,FULL PL,
The Vanishing of Ethan Carter,CUSA03048,FULL PL,
The Witcher 3: Wild Hunt – Game of the Year Edition,CUSA05571,FULL PL,
The Witcher 3: Wild Hunt,CUSA01439,FULL PL,
The Witcher 3: Wild Hunt,CUSA01440,FULL PL,
The Witness,CUSA00498,Napisy PL,
The Witness,CUSA04263,Napisy PL,
Thea: The Awakening,CUSA07697,Napisy PL,
They Are Billions,CUSA13330,Napisy PL,
Thief,CUSA00250,Napisy PL,
This War of Mine: The Little Ones,CUSA02646,Napisy PL,
Thumper,CUSA06296,Napisy PL,
Titanfall 2 Standard Edition,CUSA04013,FULL PL,
Tom Clancy’s Ghost Recon Wildlands - Standard Edition,CUSA02819,Napisy PL,
Tom Clancy’s  Rainbow Six Siege,CUSA01788,Napisy PL,
Tom Clancy’s  Rainbow Six Siege,CUSA01800,Napisy PL,
Tom Clancy’s  The Division,CUSA01262,Napisy PL, Wymaga PSN!
Tomb Raider: Definitive Edition,CUSA00107,FULL PL,
Tomb Raider: Definitive Edition,CUSA00109,FULL PL,
Torment: Tides of Numenera,CUSA05827,Napisy PL,
Trackmania Turbo,CUSA01210,Napisy PL,
Train Sim World 2 Rush Hour Deluxe Edition,CUSA19355,Napisy PL,
Transcripted,CUSA06252,Napisy PL,
Transistor,CUSA00642,Napisy PL,
Trine 4,CUSA09869,Napisy PL,
Tumble VR,CUSA04145,Napisy PL,
Tumblestone,CUSA04472,Napisy PL,
Uncharted 2: Among Thieves Remastered,CUSA03281,Napisy PL,
Uncharted 3: Drake’s Deception Remastered,CUSA03282,Napisy PL,
Uncharted 4: A Thief’s End Digital Edition,CUSA00917,Napisy PL,
Uncharted 4: A Thief’s End Digital Edition,CUSA04529,FULL PL,
Uncharted The Lost Legacy,CUSA09564,FULL PL,
Uncharted: Drake's Fortune Remastered,CUSA03280,Napisy PL,
Uncharted: The Nathan Drake Collection,CUSA02344,FULL PL,
Uncharted: The Nathan Drake Collection,CUSA02826,Napisy PL,
Until Dawn,CUSA02636,FULL PL,
Until Dawn: Rush of Blood,CUSA02350,Napisy PL,
Valhalla Hills - Definitive Edition,CUSA05718,Napisy PL,
Valiant Hearts: The Great War,CUSA00479,Napisy PL,
Vampyr,CUSA03468,Napisy PL,
Vevo,CUSA01692,Napisy PL,
Victor Vran Overkill Edition,CUSA06253,Napisy PL,
Victor Vran,CUSA03078,Napisy PL,
Vikings: Wolves of Midgard Demo,CUSA08186,Napisy PL,
Vikings: Wolves of Midgard,CUSA05032,Napisy PL,
Visage,CUSA20594,Napisy PL,
Warhammer Chaosbane Magnus Edition,CUSA12718,Napisy PL,
Warhammer Vermintide 2,CUSA13645,Napisy PL,
Warhammer: End Times - Vermintide,CUSA02094,Napisy PL,
Wasteland 2: Director's Cut,CUSA03144,Napisy PL,
Watch Dogs 2 - Deluxe Edition,CUSA04294,Napisy PL,
Watch Dogs,CUSA00016,Napisy PL,
Watch Dogs,CUSA01395,Napisy PL,
Watch Dogs Legion,CUSA13034,Napisy PL,
Werewolf The Apocalypse Earthblood,CUSA16782,Napisy PL,
What Remains of Edith Finch,CUSA06886,Napisy PL,
What Remains of Edith Finch,CUSA07974,Napisy PL,
Whispering Willows,CUSA01827,Napisy PL,
Windbound,CUSA17774,Napisy PL,
WinKings,CUSA07440,Napisy PL,
WipEout Omega Collection,CUSA05670,Napisy PL,
Wolfenstein II The New Colossus,CUSA07378,Napisy PL,
Wolfenstein Youngblood,CUSA13094,Napisy PL,
Wolfenstein: The New Order,CUSA00320,Napisy PL,
Wolfenstein: The Old Blood,CUSA01604,Napisy PL,
World of Tanks,CUSA03655,Napisy PL,
World of Warriors,CUSA04098,Napisy PL,
World to the West,CUSA06930,Napisy PL,
Worms W.M.D All-Stars Pack,CUSA04022,Napisy PL,
WRC 10 FIA Worls Rally Championship,CUSA27790,Napisy PL,
WRC 6 FIA World Rally Championship,CUSA05277,Napisy PL,
WRC 7 FIA World Rally Championship,CUSA08226,Napisy PL,
WRC 8 FIA World Rally Championship,CUSA15494,Napisy PL,
WRC 9 FIA Worls Rally Championship,CUSA19439,Napisy PL,
XCOM 2,CUSA04530,Napisy PL,
Xenon Racer,CUSA13446,Napisy PL,
X-Morph: Defense,CUSA05397,Napisy PL,
Yesterday Origins,CUSA05319,Napisy PL,
Yorbie,CUSA01833,Napisy PL,
Zheros,CUSA04262,Napisy PL,
Zombie Army 4: Dead War,CUSA12596,Napisy PL,
Zombie Army Trilogy,CUSA01345,Napisy PL,
